id,cdocente,ccurso,prioridad,sw_cambio,curso_id,user_id,created_at,updated_at
1,"000125","100049",1,F,1120,87,08/10/2016 12:19:49,08/10/2016 12:19:49
2,"000842","100049",3,F,1120,118,08/10/2016 12:19:49,08/10/2016 12:19:49
3,"000346","100052",2,F,841,116,08/10/2016 12:19:49,08/10/2016 12:19:49
4,"000547","100068",1,F,780,16,08/10/2016 12:19:49,08/10/2016 12:19:49
5,"000244","110004",2,F,275,108,08/10/2016 12:19:49,08/10/2016 12:19:49
6,"000958","110004",3,F,275,85,08/10/2016 12:19:49,08/10/2016 12:19:49
7,"000483","120006",1,F,346,39,08/10/2016 12:19:49,08/10/2016 12:19:49
8,"000662","120006",4,F,346,70,08/10/2016 12:19:49,08/10/2016 12:19:49
9,"000342","120009",1,F,363,17,08/10/2016 12:19:49,08/10/2016 12:19:49
10,"000483","120009",2,F,363,39,08/10/2016 12:19:49,08/10/2016 12:19:49
11,"000729","120009",3,F,363,28,08/10/2016 12:19:49,08/10/2016 12:19:49
12,"000761","132053",1,F,1254,29,08/10/2016 12:19:49,08/10/2016 12:19:49
13,"000006","240003",1,F,1269,52,08/10/2016 12:19:49,08/10/2016 12:19:49
14,"000808","240003",2,F,1269,54,08/10/2016 12:19:49,08/10/2016 12:19:49
15,"000006","240022",1,F,1272,52,08/10/2016 12:19:49,08/10/2016 12:19:49
16,"000730","240022",2,F,1272,91,08/10/2016 12:19:49,08/10/2016 12:19:49
17,"000808","240022",6,F,1272,54,08/10/2016 12:19:49,08/10/2016 12:19:49
18,"000491","100163",2,F,29,96,08/10/2016 12:19:49,08/10/2016 12:19:49
19,"000491","100170",1,F,831,96,08/10/2016 12:19:49,08/10/2016 12:19:49
20,"000547","100068",1,F,780,16,08/10/2016 12:19:49,08/10/2016 12:19:49
21,"000438","100068",2,F,780,76,08/10/2016 12:19:49,08/10/2016 12:19:49
22,"000372","100184",1,F,271,102,08/10/2016 12:19:49,08/10/2016 12:19:49
23,"000193","100184",3,F,271,73,08/10/2016 12:19:49,08/10/2016 12:19:49
24,"000761","100174",2,F,1262,29,08/10/2016 12:19:49,08/10/2016 12:19:49
25,"001146","140084",1,F,1818,18,08/10/2016 12:19:49,08/10/2016 12:19:49
26,"000743","100184",5,F,271,19,08/10/2016 12:19:49,08/10/2016 12:19:49
27,"000372","100189",1,F,306,102,08/10/2016 12:19:49,08/10/2016 12:19:49
28,"000958","100189",2,F,306,85,08/10/2016 12:19:49,08/10/2016 12:19:49
29,"000244","100189",3,F,306,108,08/10/2016 12:19:49,08/10/2016 12:19:49
30,"000452","100194",2,F,75,26,08/10/2016 12:19:49,08/10/2016 12:19:49
31,"000452","100192",2,F,277,26,08/10/2016 12:19:49,08/10/2016 12:19:49
32,"000452","100175",1,F,34,26,08/10/2016 12:19:49,08/10/2016 12:19:49
33,"000452","100171",3,F,157,26,08/10/2016 12:19:49,08/10/2016 12:19:49
34,"001029","100194",4,F,75,51,08/10/2016 12:19:49,08/10/2016 12:19:49
35,"000452","110053",5,F,717,26,08/10/2016 12:19:49,08/10/2016 12:19:49
36,"000384","240022",4,F,1272,75,08/10/2016 12:19:49,08/10/2016 12:19:49
37,"000384","240003",3,F,1269,75,08/10/2016 12:19:49,08/10/2016 12:19:49
38,"000151","100159",1,F,1094,80,08/10/2016 12:19:49,08/10/2016 12:19:49
39,"000767","100159",9,F,1094,130,08/10/2016 12:19:49,08/10/2016 12:19:49
40,"000011","240006",1,F,1282,32,08/10/2016 12:19:49,08/10/2016 12:19:49
41,"000017","240006",2,F,1282,43,08/10/2016 12:19:49,08/10/2016 12:19:49
42,"000384","240006",5,F,1282,75,08/10/2016 12:19:49,08/10/2016 12:19:49
43,"000808","240006",9,F,1282,54,08/10/2016 12:19:49,08/10/2016 12:19:49
44,"000333","240006",10,F,1282,67,08/10/2016 12:19:49,08/10/2016 12:19:49
45,"000474","100164",1,F,1106,56,08/10/2016 12:19:49,08/10/2016 12:19:49
46,"000474","100052",1,F,841,56,08/10/2016 12:19:49,08/10/2016 12:19:49
47,"000474","100070",1,F,836,56,08/10/2016 12:19:49,08/10/2016 12:19:49
48,"000488","100171",1,F,157,127,08/10/2016 12:19:49,08/10/2016 12:19:49
49,"000488","110053",2,F,717,127,08/10/2016 12:19:49,08/10/2016 12:19:49
50,"001149","110053",6,F,717,112,08/10/2016 12:19:49,08/10/2016 12:19:49
51,"000510","100198",2,F,1450,74,08/10/2016 12:19:49,08/10/2016 12:19:49
52,"000510","100159",3,F,1094,74,08/10/2016 12:19:49,08/10/2016 12:19:49
53,"000510","100118",1,F,1099,74,08/10/2016 12:19:49,08/10/2016 12:19:49
54,"000510","100140",1,F,54,74,08/10/2016 12:19:49,08/10/2016 12:19:49
55,"000510","100095",1,F,1393,74,08/10/2016 12:19:49,08/10/2016 12:19:49
56,"000510","132053",2,F,1254,74,08/10/2016 12:19:49,08/10/2016 12:19:49
57,"000661","100159",11,F,1094,50,08/10/2016 12:19:49,08/10/2016 12:19:49
58,"000661","100165",2,F,1230,50,08/10/2016 12:19:49,08/10/2016 12:19:49
59,"000661","100170",4,F,831,50,08/10/2016 12:19:49,08/10/2016 12:19:49
60,"000151","100068",3,F,780,80,08/10/2016 12:19:49,08/10/2016 12:19:49
61,"000623","100176",1,F,231,49,08/10/2016 12:19:49,08/10/2016 12:19:49
62,"000623","140003",3,F,535,49,08/10/2016 12:19:49,08/10/2016 12:19:49
63,"000589","140078",1,F,1606,46,08/10/2016 12:19:49,08/10/2016 12:19:49
64,"001146","140078",2,F,1606,18,08/10/2016 12:19:49,08/10/2016 12:19:49
65,"000589","140083",1,F,1608,46,08/10/2016 12:19:49,08/10/2016 12:19:49
66,"001146","140083",2,F,1608,18,08/10/2016 12:19:49,08/10/2016 12:19:49
67,"000593","100194",3,F,75,57,08/10/2016 12:19:49,08/10/2016 12:19:49
68,"000593","110066",1,F,140,57,08/10/2016 12:19:49,08/10/2016 12:19:49
69,"000986","140069",2,F,926,123,08/10/2016 12:19:49,08/10/2016 12:19:49
70,"000731","170010",7,F,1944,1,08/10/2016 12:19:49,08/10/2016 12:19:49
71,"000743","110076",3,F,1470,19,08/10/2016 12:19:49,08/10/2016 12:19:49
72,"000244","110076",4,F,1470,108,08/10/2016 12:19:49,08/10/2016 12:19:49
73,"000193","110076",5,F,1470,73,08/10/2016 12:19:49,08/10/2016 12:19:49
74,"001149","100099",1,F,862,112,08/10/2016 12:19:49,08/10/2016 12:19:49
75,"000566","240006",6,F,1282,7,08/10/2016 12:19:49,08/10/2016 12:19:49
76,"000566","240003",4,F,1269,7,08/10/2016 12:19:49,08/10/2016 12:19:49
77,"000358","140042",1,F,1355,23,08/10/2016 12:19:49,08/10/2016 12:19:49
78,"000474","100043",1,F,786,56,08/10/2016 12:19:49,08/10/2016 12:19:49
79,"000474","100174",4,F,1262,56,08/10/2016 12:19:49,08/10/2016 12:19:49
80,"000474","100072",1,F,1261,56,08/10/2016 12:19:49,08/10/2016 12:19:49
81,"000593","110052",1,F,719,57,08/10/2016 12:19:49,08/10/2016 12:19:49
82,"000474","100130",1,F,511,56,08/10/2016 12:19:49,08/10/2016 12:19:49
83,"000986","140079",1,F,544,123,08/10/2016 12:19:49,08/10/2016 12:19:49
84,"000731","100098",3,F,302,1,08/10/2016 12:19:49,08/10/2016 12:19:49
85,"000958","100194",5,F,75,85,08/10/2016 12:19:49,08/10/2016 12:19:49
86,"000623","100098",4,F,302,49,08/10/2016 12:19:49,08/10/2016 12:19:49
87,"000661","132053",6,F,1254,50,08/10/2016 12:19:49,08/10/2016 12:19:49
88,"000029","100163",3,F,29,128,08/10/2016 12:19:49,08/10/2016 12:19:49
89,"000989","340072",1,F,282,65,08/10/2016 12:19:49,08/10/2016 12:19:49
90,"001304","140071",2,F,533,114,08/10/2016 12:19:49,08/10/2016 12:19:49
91,"001304","140072",1,F,541,114,08/10/2016 12:19:49,08/10/2016 12:19:49
92,"000743","100193",3,F,293,19,08/10/2016 12:19:49,08/10/2016 12:19:49
93,"000372","110070",1,F,289,102,08/10/2016 12:19:49,08/10/2016 12:19:49
94,"000772","110070",4,F,289,93,08/10/2016 12:19:49,08/10/2016 12:19:49
95,"000488","100017",1,F,74,127,08/10/2016 12:19:49,08/10/2016 12:19:49
96,"000593","110074",1,F,1451,57,08/10/2016 12:19:49,08/10/2016 12:19:49
97,"000244","110074",4,F,1451,108,08/10/2016 12:19:49,08/10/2016 12:19:49
98,"000193","110074",5,F,1451,73,08/10/2016 12:19:49,08/10/2016 12:19:49
99,"000593","110063",1,F,139,57,08/10/2016 12:19:49,08/10/2016 12:19:49
100,"000661","100168",5,F,469,50,08/10/2016 12:19:49,08/10/2016 12:19:49
101,"000623","140036",2,F,614,49,08/10/2016 12:19:49,08/10/2016 12:19:49
102,"000593","140064",1,F,1277,57,08/10/2016 12:19:49,08/10/2016 12:19:49
103,"000398","140064",2,F,1277,119,08/10/2016 12:19:49,08/10/2016 12:19:49
104,"000731","140064",8,F,1277,1,08/10/2016 12:19:49,08/10/2016 12:19:49
105,"001264","140064",10,F,1277,109,08/10/2016 12:19:49,08/10/2016 12:19:49
106,"000488","140067",3,F,39,127,08/10/2016 12:19:49,08/10/2016 12:19:49
107,"000346","140067",4,F,39,116,08/10/2016 12:19:49,08/10/2016 12:19:49
108,"000593","140067",6,F,39,57,08/10/2016 12:19:49,08/10/2016 12:19:49
109,"001029","140067",7,F,39,51,08/10/2016 12:19:49,08/10/2016 12:19:49
110,"000452","140067",9,F,39,26,08/10/2016 12:19:49,08/10/2016 12:19:49
111,"001149","140067",11,F,39,112,08/10/2016 12:19:49,08/10/2016 12:19:49
112,"000452","100182",2,F,1310,26,08/10/2016 12:19:49,08/10/2016 12:19:49
113,"000488","100182",4,F,1310,127,08/10/2016 12:19:49,08/10/2016 12:19:49
114,"001149","100182",5,F,1310,112,08/10/2016 12:19:49,08/10/2016 12:19:49
115,"000660","100197",1,F,284,90,08/10/2016 12:19:49,08/10/2016 12:19:49
116,"000398","100201",1,F,1754,119,08/10/2016 12:19:49,08/10/2016 12:19:49
117,"001303","100201",8,F,1754,15,08/10/2016 12:19:49,08/10/2016 12:19:49
118,"000398","100200",4,F,1602,119,08/10/2016 12:19:49,08/10/2016 12:19:49
119,"000113","150079",1,F,353,84,08/10/2016 12:19:49,08/10/2016 12:19:49
120,"000113","120009",4,F,363,84,08/10/2016 12:19:49,08/10/2016 12:19:49
121,"000113","120006",3,F,346,84,08/10/2016 12:19:49,08/10/2016 12:19:49
122,"000113","120005",1,F,1141,84,08/10/2016 12:19:49,08/10/2016 12:19:49
123,"000113","100183",1,F,1705,84,08/10/2016 12:19:49,08/10/2016 12:19:49
124,"000193","120003",1,F,376,73,08/10/2016 12:19:49,08/10/2016 12:19:49
125,"000662","120003",2,F,376,70,08/10/2016 12:19:49,08/10/2016 12:19:49
126,"000113","120008",1,F,1101,84,08/10/2016 12:19:49,08/10/2016 12:19:49
127,"000662","120008",2,F,1101,70,08/10/2016 12:19:49,08/10/2016 12:19:49
128,"000483","120008",4,F,1101,39,08/10/2016 12:19:49,08/10/2016 12:19:49
129,"001145","120009",6,F,363,5,08/10/2016 12:19:49,08/10/2016 12:19:49
130,"000029","100165",3,F,1230,128,08/10/2016 12:19:49,08/10/2016 12:19:49
131,"000730","240003",5,F,1269,91,08/10/2016 12:19:49,08/10/2016 12:19:49
132,"001422","100184",7,F,271,101,08/10/2016 12:19:49,08/10/2016 12:19:49
133,"001422","110070",5,F,289,101,08/10/2016 12:19:49,08/10/2016 12:19:49
134,"001456","100159",13,F,1094,72,08/10/2016 12:19:49,08/10/2016 12:19:49
135,"000989","100184",9,F,271,65,08/10/2016 12:19:49,08/10/2016 12:19:49
136,"000772","100188",2,F,279,93,08/10/2016 12:19:49,08/10/2016 12:19:49
137,"000743","100188",3,F,279,19,08/10/2016 12:19:49,08/10/2016 12:19:49
138,"000731","100188",7,F,279,1,08/10/2016 12:19:49,08/10/2016 12:19:49
139,"001457","110074",7,F,1451,83,08/10/2016 12:19:49,08/10/2016 12:19:49
140,"001457","110076",6,F,1470,83,08/10/2016 12:19:49,08/10/2016 12:19:49
141,"001268","160018",3,F,639,44,08/10/2016 12:19:49,08/10/2016 12:19:49
142,"000989","110070",8,F,289,65,08/10/2016 12:19:49,08/10/2016 12:19:49
143,"000989","110074",8,F,1451,65,08/10/2016 12:19:49,08/10/2016 12:19:49
144,"000358","220069",3,F,1007,23,08/10/2016 12:19:49,08/10/2016 12:19:49
145,"000358","140002",2,F,525,23,08/10/2016 12:19:49,08/10/2016 12:19:49
146,"000623","140042",2,F,1355,49,08/10/2016 12:19:49,08/10/2016 12:19:49
147,"000623","140006",2,F,1233,49,08/10/2016 12:19:49,08/10/2016 12:19:49
148,"000623","140002",3,F,525,49,08/10/2016 12:19:49,08/10/2016 12:19:49
149,"000253","160006",1,F,635,79,08/10/2016 12:19:49,08/10/2016 12:19:49
150,"000253","160007",1,F,636,79,08/10/2016 12:19:49,08/10/2016 12:19:49
151,"000420","100049",2,F,1120,27,08/10/2016 12:19:49,08/10/2016 12:19:49
152,"000420","160007",3,F,636,27,08/10/2016 12:19:49,08/10/2016 12:19:49
153,"000510","100163",4,F,29,74,08/10/2016 12:19:49,08/10/2016 12:19:49
154,"001268","240040",3,F,91,44,08/10/2016 12:19:49,08/10/2016 12:19:49
155,"001268","140075",2,F,888,44,08/10/2016 12:19:49,08/10/2016 12:19:49
156,"000590","100163",1,F,29,48,08/10/2016 12:19:49,08/10/2016 12:19:49
157,"000590","100165",1,F,1230,48,08/10/2016 12:19:49,08/10/2016 12:19:49
158,"000590","100170",2,F,831,48,08/10/2016 12:19:49,08/10/2016 12:19:49
159,"000590","100098",4,F,302,48,08/10/2016 12:19:49,08/10/2016 12:19:49
160,"000590","140067",13,F,39,48,08/10/2016 12:19:49,08/10/2016 12:19:49
161,"000590","110053",8,F,717,48,08/10/2016 12:19:49,08/10/2016 12:19:49
162,"000590","100166",2,F,1700,48,08/10/2016 12:19:49,08/10/2016 12:19:49
163,"000201","100188",9,F,279,106,08/10/2016 12:19:49,08/10/2016 12:19:49
164,"000201","100194",8,F,75,106,08/10/2016 12:19:49,08/10/2016 12:19:49
165,"000201","100037",2,F,666,106,08/10/2016 12:19:49,08/10/2016 12:19:49
166,"000201","110064",1,F,152,106,08/10/2016 12:19:49,08/10/2016 12:19:49
167,"000201","100193",2,F,293,106,08/10/2016 12:19:49,08/10/2016 12:19:49
168,"000201","110076",2,F,1470,106,08/10/2016 12:19:49,08/10/2016 12:19:49
169,"000201","110074",2,F,1451,106,08/10/2016 12:19:49,08/10/2016 12:19:49
170,"000201","100184",6,F,271,106,08/10/2016 12:19:49,08/10/2016 12:19:49
171,"000201","110070",3,F,289,106,08/10/2016 12:19:49,08/10/2016 12:19:49
172,"000236","100168",1,F,469,124,08/10/2016 12:19:49,08/10/2016 12:19:49
173,"000236","100075",1,F,1904,124,08/10/2016 12:19:49,08/10/2016 12:19:49
174,"000236","100200",1,F,1602,124,08/10/2016 12:19:49,08/10/2016 12:19:49
175,"000236","110016",2,F,471,124,08/10/2016 12:19:49,08/10/2016 12:19:49
176,"000236","100070",2,F,836,124,08/10/2016 12:19:49,08/10/2016 12:19:49
177,"000236","100201",5,F,1754,124,08/10/2016 12:19:49,08/10/2016 12:19:49
178,"000236","132053",4,F,1254,124,08/10/2016 12:19:49,08/10/2016 12:19:49
179,"000590","110072",7,F,771,48,08/10/2016 12:19:49,08/10/2016 12:19:49
180,"001149","110072",9,F,771,112,08/10/2016 12:19:49,08/10/2016 12:19:49
181,"001268","110072",10,F,771,44,08/10/2016 12:19:49,08/10/2016 12:19:49
182,"000593","100195",3,F,142,57,08/10/2016 12:19:49,08/10/2016 12:19:49
183,"000452","100190",2,F,1812,26,08/10/2016 12:19:49,08/10/2016 12:19:49
184,"000593","100190",3,F,1812,57,08/10/2016 12:19:49,08/10/2016 12:19:49
185,"000244","100190",4,F,1812,108,08/10/2016 12:19:49,08/10/2016 12:19:49
186,"000989","100190",9,F,1812,65,08/10/2016 12:19:49,08/10/2016 12:19:49
187,"001185","100188",6,F,279,20,08/10/2016 12:19:49,08/10/2016 12:19:49
188,"000372","100187",1,F,887,102,08/10/2016 12:19:49,08/10/2016 12:19:49
189,"000277","240040",1,F,91,126,08/10/2016 12:19:49,08/10/2016 12:19:49
190,"000017","240001",1,F,88,43,08/10/2016 12:19:49,08/10/2016 12:19:49
191,"000384","240001",5,F,88,75,08/10/2016 12:19:49,08/10/2016 12:19:49
192,"000566","240001",6,F,88,7,08/10/2016 12:19:49,08/10/2016 12:19:49
193,"000808","240001",8,F,88,54,08/10/2016 12:19:49,08/10/2016 12:19:49
194,"001268","240001",12,F,88,44,08/10/2016 12:19:49,08/10/2016 12:19:49
195,"000236","100199",1,F,1469,124,08/10/2016 12:19:49,08/10/2016 12:19:49
196,"000474","100199",2,F,1469,56,08/10/2016 12:19:49,08/10/2016 12:19:49
197,"000510","100199",3,F,1469,74,08/10/2016 12:19:49,08/10/2016 12:19:49
198,"000201","100185",1,F,288,106,08/10/2016 12:19:49,08/10/2016 12:19:49
199,"000244","100185",2,F,288,108,08/10/2016 12:19:49,08/10/2016 12:19:49
200,"000743","100185",6,F,288,19,08/10/2016 12:19:49,08/10/2016 12:19:49
201,"000772","100185",7,F,288,93,08/10/2016 12:19:49,08/10/2016 12:19:49
202,"000989","100185",9,F,288,65,08/10/2016 12:19:49,08/10/2016 12:19:49
203,"000193","100185",10,F,288,73,08/10/2016 12:19:49,08/10/2016 12:19:49
204,"000743","100196",3,F,264,19,08/10/2016 12:19:49,08/10/2016 12:19:49
205,"000195","100192",1,F,277,36,08/10/2016 12:19:49,08/10/2016 12:19:49
206,"000195","100188",1,F,279,36,08/10/2016 12:19:49,08/10/2016 12:19:49
207,"000195","100193",1,F,293,36,08/10/2016 12:19:49,08/10/2016 12:19:49
208,"000195","110070",2,F,289,36,08/10/2016 12:19:49,08/10/2016 12:19:49
209,"000241","100176",2,F,231,115,08/10/2016 12:19:49,08/10/2016 12:19:49
210,"000241","140036",3,F,614,115,08/10/2016 12:19:49,08/10/2016 12:19:49
211,"000241","140041",1,F,1354,115,08/10/2016 12:19:49,08/10/2016 12:19:49
212,"000241","100201",2,F,1754,115,08/10/2016 12:19:49,08/10/2016 12:19:49
213,"000241","140049",1,F,1699,115,08/10/2016 12:19:49,08/10/2016 12:19:49
214,"000241","140020",2,F,536,115,08/10/2016 12:19:49,08/10/2016 12:19:49
215,"000241","140081",2,F,1452,115,08/10/2016 12:19:49,08/10/2016 12:19:49
216,"000241","140037",2,F,653,115,08/10/2016 12:19:49,08/10/2016 12:19:49
217,"000201","110060",1,F,962,106,08/10/2016 12:19:49,08/10/2016 12:19:49
218,"000500","110060",2,F,962,103,08/10/2016 12:19:49,08/10/2016 12:19:49
219,"000660","110060",3,F,962,90,08/10/2016 12:19:49,08/10/2016 12:19:49
220,"001185","110060",4,F,962,20,08/10/2016 12:19:49,08/10/2016 12:19:49
221,"001305","110073",4,F,136,6,08/10/2016 12:19:49,08/10/2016 12:19:49
222,"001305","100190",11,F,1812,6,08/10/2016 12:19:49,08/10/2016 12:19:49
223,"001305","100195",6,F,142,6,08/10/2016 12:19:49,08/10/2016 12:19:49
224,"000201","110071",1,F,963,106,08/10/2016 12:19:49,08/10/2016 12:19:49
225,"000193","110071",2,F,963,73,08/10/2016 12:19:49,08/10/2016 12:19:49
226,"000500","110071",3,F,963,103,08/10/2016 12:19:49,08/10/2016 12:19:49
227,"000743","110071",4,F,963,19,08/10/2016 12:19:49,08/10/2016 12:19:49
228,"000989","110071",5,F,963,65,08/10/2016 12:19:49,08/10/2016 12:19:49
229,"000372","110071",6,F,963,102,08/10/2016 12:19:49,08/10/2016 12:19:49
230,"000509","110072",4,F,771,77,08/10/2016 12:19:49,08/10/2016 12:19:49
231,"000509","140078",3,F,1606,77,08/10/2016 12:19:49,08/10/2016 12:19:49
232,"000509","100182",1,F,1310,77,08/10/2016 12:19:49,08/10/2016 12:19:49
233,"000241","100160",1,F,1238,115,08/10/2016 12:19:49,08/10/2016 12:19:49
234,"000589","100160",3,F,1238,46,08/10/2016 12:19:49,08/10/2016 12:19:49
235,"000623","100160",5,F,1238,49,08/10/2016 12:19:49,08/10/2016 12:19:49
236,"000358","100160",8,F,1238,23,08/10/2016 12:19:49,08/10/2016 12:19:49
237,"001268","100160",10,F,1238,44,08/10/2016 12:19:49,08/10/2016 12:19:49
238,"000398","100160",12,F,1238,119,08/10/2016 12:19:49,08/10/2016 12:19:49
239,"001262","100188",8,F,279,110,08/10/2016 12:19:49,08/10/2016 12:19:49
240,"001262","110029",2,F,272,110,08/10/2016 12:19:49,08/10/2016 12:19:49
241,"001262","100190",10,F,1812,110,08/10/2016 12:19:49,08/10/2016 12:19:49
242,"001262","100184",8,F,271,110,08/10/2016 12:19:49,08/10/2016 12:19:49
243,"001262","110070",6,F,289,110,08/10/2016 12:19:49,08/10/2016 12:19:49
244,"001262","100048",1,F,283,110,08/10/2016 12:19:49,08/10/2016 12:19:49
245,"000244","100048",2,F,283,108,08/10/2016 12:19:49,08/10/2016 12:19:49
246,"000372","100048",3,F,283,102,08/10/2016 12:19:49,08/10/2016 12:19:49
247,"000593","100048",5,F,283,57,08/10/2016 12:19:49,08/10/2016 12:19:49
248,"000743","100048",7,F,283,19,08/10/2016 12:19:49,08/10/2016 12:19:49
249,"000452","100048",8,F,283,26,08/10/2016 12:19:49,08/10/2016 12:19:49
250,"000772","100048",11,F,283,93,08/10/2016 12:19:49,08/10/2016 12:19:49
251,"000731","100048",12,F,283,1,08/10/2016 12:19:49,08/10/2016 12:19:49
252,"001422","100048",14,F,283,101,08/10/2016 12:19:49,08/10/2016 12:19:49
253,"000152","110029",3,F,272,8,08/10/2016 12:19:49,08/10/2016 12:19:49
254,"000372","110069",1,F,281,102,08/10/2016 12:19:49,08/10/2016 12:19:49
255,"001262","110069",2,F,281,110,08/10/2016 12:19:49,08/10/2016 12:19:49
256,"000743","110069",4,F,281,19,08/10/2016 12:19:49,08/10/2016 12:19:49
257,"000593","110069",7,F,281,57,08/10/2016 12:19:49,08/10/2016 12:19:49
258,"000193","110069",8,F,281,73,08/10/2016 12:19:49,08/10/2016 12:19:49
259,"000244","110069",10,F,281,108,08/10/2016 12:19:49,08/10/2016 12:19:49
260,"000989","110069",14,F,281,65,08/10/2016 12:19:49,08/10/2016 12:19:49
261,"001422","110069",15,F,281,101,08/10/2016 12:19:49,08/10/2016 12:19:49
262,"001262","100185",13,F,288,110,08/10/2016 12:19:49,08/10/2016 12:19:49
263,"000398","110075",1,F,1752,119,08/10/2016 12:19:49,08/10/2016 12:19:49
264,"000333","240001",14,F,88,67,08/10/2016 12:19:49,08/10/2016 12:19:49
265,"001173","100194",7,F,75,68,08/10/2016 12:19:49,08/10/2016 12:19:49
266,"001173","110071",7,F,963,68,08/10/2016 12:19:49,08/10/2016 12:19:49
267,"001173","110070",7,F,289,68,08/10/2016 12:19:49,08/10/2016 12:19:49
268,"001173","110074",10,F,1451,68,08/10/2016 12:19:49,08/10/2016 12:19:49
269,"000958","100186",2,F,307,85,08/10/2016 12:19:49,08/10/2016 12:19:49
270,"000244","100186",3,F,307,108,08/10/2016 12:19:49,08/10/2016 12:19:49
271,"001262","100186",4,F,307,110,08/10/2016 12:19:49,08/10/2016 12:19:49
272,"001421","100167",1,F,1832,60,08/10/2016 12:19:49,08/10/2016 12:19:49
273,"000593","100167",2,F,1832,57,08/10/2016 12:19:49,08/10/2016 12:19:49
274,"001305","110060",6,F,962,6,08/10/2016 12:19:49,08/10/2016 12:19:49
275,"000566","240022",8,F,1272,7,08/10/2016 12:19:49,08/10/2016 12:19:49
276,"000285","140069",1,F,926,88,08/10/2016 12:19:49,08/10/2016 12:19:49
277,"000285","140003",2,F,535,88,08/10/2016 12:19:49,08/10/2016 12:19:49
278,"000285","100160",7,F,1238,88,08/10/2016 12:19:49,08/10/2016 12:19:49
279,"000285","140075",1,F,888,88,08/10/2016 12:19:49,08/10/2016 12:19:49
280,"000285","140071",1,F,533,88,08/10/2016 12:19:49,08/10/2016 12:19:49
281,"000285","140006",1,F,1233,88,08/10/2016 12:19:49,08/10/2016 12:19:49
282,"000285","140020",3,F,536,88,08/10/2016 12:19:49,08/10/2016 12:19:49
283,"000285","110075",2,F,1752,88,08/10/2016 12:19:49,08/10/2016 12:19:49
284,"001304","140076",4,F,524,114,08/10/2016 12:19:49,08/10/2016 12:19:49
285,"000285","140074",2,F,521,88,08/10/2016 12:19:49,08/10/2016 12:19:49
286,"000201","100201",9,F,1754,106,08/10/2016 12:19:49,08/10/2016 12:19:49
287,"001173","100185",14,F,288,68,08/10/2016 12:19:49,08/10/2016 12:19:49
288,"001305","100193",5,F,293,6,08/10/2016 12:19:49,08/10/2016 12:19:49
289,"000743","110074",11,F,1451,19,08/10/2016 12:19:49,08/10/2016 12:19:49
290,"000510","100125",1,F,45,74,08/10/2016 12:19:49,08/10/2016 12:19:49
291,"000500","110064",2,F,152,103,08/10/2016 12:19:49,08/10/2016 12:19:49
292,"001387","100210",1,F,512,113,08/10/2016 12:19:49,08/10/2016 12:19:49
293,"001387","100130",2,F,511,113,08/10/2016 12:19:49,08/10/2016 12:19:49
294,"001387","100043",2,F,786,113,08/10/2016 12:19:49,08/10/2016 12:19:49
295,"001387","100174",5,F,1262,113,08/10/2016 12:19:49,08/10/2016 12:19:49
296,"001387","100072",2,F,1261,113,08/10/2016 12:19:49,08/10/2016 12:19:49
297,"001387","100164",2,F,1106,113,08/10/2016 12:19:49,08/10/2016 12:19:49
298,"000743","100201",10,F,1754,19,08/10/2016 12:19:49,08/10/2016 12:19:49
299,"000285","100201",11,F,1754,88,08/10/2016 12:19:49,08/10/2016 12:19:49
300,"000474","100198",6,F,1450,56,08/10/2016 12:19:49,08/10/2016 12:19:49
301,"000006","240021",1,F,1271,52,08/10/2016 12:19:49,08/10/2016 12:19:49
302,"000730","240021",2,F,1271,91,08/10/2016 12:19:49,08/10/2016 12:19:49
303,"000566","240021",3,F,1271,7,08/10/2016 12:19:49,08/10/2016 12:19:49
304,"000808","240021",4,F,1271,54,08/10/2016 12:19:49,08/10/2016 12:19:49
305,"001387","132053",7,F,1254,113,08/10/2016 12:19:49,08/10/2016 12:19:49
306,"000333","240022",9,F,1272,67,08/10/2016 12:19:49,08/10/2016 12:19:49
307,"000661","110016",6,F,471,50,08/10/2016 12:19:49,08/10/2016 12:19:49
308,"000989","100048",16,F,283,65,08/10/2016 12:19:49,08/10/2016 12:19:49
309,"001185","100190",13,F,1812,20,08/10/2016 12:19:49,08/10/2016 12:19:49
310,"001520","140071",4,F,533,98,08/10/2016 12:19:49,08/10/2016 12:19:49
311,"000510","100081",1,F,44,74,08/10/2016 12:19:49,08/10/2016 12:19:49
312,"000441","140082",1,F,1471,125,08/10/2016 12:19:49,08/10/2016 12:19:49
313,"000441","140081",1,F,1452,125,08/10/2016 12:19:49,08/10/2016 12:19:49
314,"000441","110072",2,F,771,125,08/10/2016 12:19:49,08/10/2016 12:19:49
315,"000441","140076",1,F,524,125,08/10/2016 12:19:49,08/10/2016 12:19:49
316,"000441","140074",1,F,521,125,08/10/2016 12:19:49,08/10/2016 12:19:49
317,"000441","100201",12,F,1754,125,08/10/2016 12:19:49,08/10/2016 12:19:49
318,"000241","140051",1,F,526,115,08/10/2016 12:19:49,08/10/2016 12:19:49
319,"000358","140051",2,F,526,23,08/10/2016 12:19:49,08/10/2016 12:19:49
320,"000441","140051",4,F,526,125,08/10/2016 12:19:49,08/10/2016 12:19:49
321,"000398","140051",6,F,526,119,08/10/2016 12:19:49,08/10/2016 12:19:49
322,"000285","140051",7,F,526,88,08/10/2016 12:19:49,08/10/2016 12:19:49
323,"000589","140051",9,F,526,46,08/10/2016 12:19:49,08/10/2016 12:19:49
324,"000623","140051",13,F,526,49,08/10/2016 12:19:49,08/10/2016 12:19:49
325,"001264","140051",14,F,526,109,08/10/2016 12:19:49,08/10/2016 12:19:49
326,"001013","100090",2,F,49,21,08/10/2016 12:19:49,08/10/2016 12:19:49
327,"000510","100090",6,F,49,74,08/10/2016 12:19:49,08/10/2016 12:19:49
328,"000661","100090",7,F,49,50,08/10/2016 12:19:49,08/10/2016 12:19:49
329,"000236","100090",10,F,49,124,08/10/2016 12:19:49,08/10/2016 12:19:49
330,"000175","100090",15,F,49,53,08/10/2016 12:19:49,08/10/2016 12:19:49
331,"001013","100162",4,F,51,21,08/10/2016 12:19:49,08/10/2016 12:19:49
332,"000510","100162",7,F,51,74,08/10/2016 12:19:49,08/10/2016 12:19:49
333,"000236","100162",9,F,51,124,08/10/2016 12:19:49,08/10/2016 12:19:49
334,"000175","100162",11,F,51,53,08/10/2016 12:19:49,08/10/2016 12:19:49
335,"000547","100047",1,F,236,16,08/10/2016 12:19:49,08/10/2016 12:19:49
336,"000661","100047",2,F,236,50,08/10/2016 12:19:49,08/10/2016 12:19:49
337,"000547","100206",1,F,844,16,08/10/2016 12:19:49,08/10/2016 12:19:49
338,"000661","100206",6,F,844,50,08/10/2016 12:19:49,08/10/2016 12:19:49
339,"000474","100207",1,F,1253,56,08/10/2016 12:19:49,08/10/2016 12:19:49
340,"000236","100207",2,F,1253,124,08/10/2016 12:19:49,08/10/2016 12:19:49
341,"000761","100207",3,F,1253,29,08/10/2016 12:19:49,08/10/2016 12:19:49
342,"001387","100207",8,F,1253,113,08/10/2016 12:19:49,08/10/2016 12:19:49
343,"000483","100183",2,F,1705,39,08/10/2016 12:19:49,08/10/2016 12:19:49
344,"000372","100193",7,F,293,102,08/10/2016 12:19:49,08/10/2016 12:19:49
345,"000195","100184",11,F,271,36,08/10/2016 12:19:49,08/10/2016 12:19:49
346,"000548","100068",6,F,780,63,08/10/2016 12:19:49,08/10/2016 12:19:49
347,"000285","140079",2,F,544,88,08/10/2016 12:19:49,08/10/2016 12:19:49
348,"000510","100211",1,F,43,74,08/10/2016 12:19:49,08/10/2016 12:19:49
349,"000285","140085",1,F,531,88,08/10/2016 12:19:49,08/10/2016 12:19:49
350,"000590","100167",9,F,1832,48,08/10/2016 12:19:49,08/10/2016 12:19:49
351,"000285","100199",8,F,1469,88,08/10/2016 12:19:49,08/10/2016 12:19:49
352,"001520","140058",1,F,546,98,08/10/2016 12:19:49,08/10/2016 12:19:49
353,"000547","100201",16,F,1754,16,08/10/2016 12:19:49,08/10/2016 12:19:49
354,"000474","132053",8,F,1254,56,08/10/2016 12:19:49,08/10/2016 12:19:49
355,"001305","110064",3,F,152,6,08/10/2016 12:19:49,08/10/2016 12:19:49
356,"000193","100048",17,F,283,73,08/10/2016 12:19:49,08/10/2016 12:19:49
357,"000193","110060",8,F,962,73,08/10/2016 12:19:49,08/10/2016 12:19:49
358,"000989","100189",5,F,306,65,08/10/2016 12:19:49,08/10/2016 12:19:49
359,"001145","120006",6,F,346,5,08/10/2016 12:19:49,08/10/2016 12:19:49
360,"001145","120008",6,F,1101,5,08/10/2016 12:19:49,08/10/2016 12:19:49
361,"001523","100206",12,F,844,22,08/10/2016 12:19:49,08/10/2016 12:19:49
362,"001523","100047",10,F,236,22,08/10/2016 12:19:49,08/10/2016 12:19:49
363,"001523","100181",2,F,1208,22,08/10/2016 12:19:49,08/10/2016 12:19:49
364,"000986","140072",3,F,541,123,08/10/2016 12:19:49,08/10/2016 12:19:49
365,"000661","100162",12,F,51,50,08/10/2016 12:19:49,08/10/2016 12:19:49
366,"001419","100185",12,F,288,132,08/10/2016 12:19:49,08/10/2016 12:19:49
367,"001419","100184",10,F,271,132,08/10/2016 12:19:49,08/10/2016 12:19:49
368,"001419","110070",9,F,289,132,08/10/2016 12:19:49,08/10/2016 12:19:49
369,"001419","100186",5,F,307,132,08/10/2016 12:19:49,08/10/2016 12:19:49
370,"001419","110071",8,F,963,132,08/10/2016 12:19:49,08/10/2016 12:19:49
371,"001419","110069",17,F,281,132,08/10/2016 12:19:49,08/10/2016 12:19:49
372,"001045","100195",4,F,142,120,08/10/2016 12:19:49,08/10/2016 12:19:49
373,"001045","100196",1,F,264,120,08/10/2016 12:19:49,08/10/2016 12:19:49
374,"001045","100190",5,F,1812,120,08/10/2016 12:19:49,08/10/2016 12:19:49
375,"001045","100188",4,F,279,120,08/10/2016 12:19:49,08/10/2016 12:19:49
376,"001045","110063",2,F,139,120,08/10/2016 12:19:49,08/10/2016 12:19:49
377,"001045","110073",3,F,136,120,08/10/2016 12:19:49,08/10/2016 12:19:49
378,"001045","110074",9,F,1451,120,08/10/2016 12:19:49,08/10/2016 12:19:49
379,"001045","100201",14,F,1754,120,08/10/2016 12:19:49,08/10/2016 12:19:49
380,"001745","110069",18,F,281,66,08/10/2016 12:19:49,08/10/2016 12:19:49
381,"001520","100160",14,F,1238,98,08/10/2016 12:19:49,08/10/2016 12:19:49
382,"000548","120008",7,F,1101,63,08/10/2016 12:19:49,08/10/2016 12:19:49
383,"000620","100162",3,F,51,82,08/10/2016 12:19:49,08/10/2016 12:19:49
384,"000620","100206",3,F,844,82,08/10/2016 12:19:49,08/10/2016 12:19:49
385,"000620","100047",6,F,236,82,08/10/2016 12:19:49,08/10/2016 12:19:49
386,"000620","100159",7,F,1094,82,08/10/2016 12:19:49,08/10/2016 12:19:49
387,"000620","100090",12,F,49,82,08/10/2016 12:19:49,08/10/2016 12:19:49
388,"001789","120006",8,F,346,41,08/10/2016 12:19:49,08/10/2016 12:19:49
389,"001789","120009",7,F,363,41,08/10/2016 12:19:49,08/10/2016 12:19:49
390,"001789","120008",8,F,1101,41,08/10/2016 12:19:49,08/10/2016 12:19:49
391,"001789","120003",5,F,376,41,08/10/2016 12:19:49,08/10/2016 12:19:49
392,"001419","110060",9,F,962,132,08/10/2016 12:19:49,08/10/2016 12:19:49
393,"000285","140036",7,F,614,88,08/10/2016 12:19:49,08/10/2016 12:19:49
394,"000551","100160",4,F,1238,71,08/10/2016 12:19:49,08/10/2016 12:19:49
395,"000551","140041",5,F,1354,71,08/10/2016 12:19:49,08/10/2016 12:19:49
396,"000551","140051",5,F,526,71,08/10/2016 12:19:49,08/10/2016 12:19:49
397,"000551","140072",2,F,541,71,08/10/2016 12:19:49,08/10/2016 12:19:49
398,"000551","140036",1,F,614,71,08/10/2016 12:19:49,08/10/2016 12:19:49
399,"000551","140050",2,F,1957,71,08/10/2016 12:19:49,08/10/2016 12:19:49
400,"000551","140049",2,F,1699,71,08/10/2016 12:19:49,08/10/2016 12:19:49
401,"000551","100018",1,F,1963,71,08/10/2016 12:19:49,08/10/2016 12:19:49
402,"000551","140020",1,F,536,71,08/10/2016 12:19:49,08/10/2016 12:19:49
403,"000551","140037",1,F,653,71,08/10/2016 12:19:49,08/10/2016 12:19:49
404,"000551","100016",2,F,1958,71,08/10/2016 12:19:49,08/10/2016 12:19:49
405,"001085","100207",7,F,1253,31,08/10/2016 12:19:49,08/10/2016 12:19:49
406,"001085","110075",5,F,1752,31,08/10/2016 12:19:49,08/10/2016 12:19:49
407,"001085","250001",2,F,1339,31,08/10/2016 12:19:49,08/10/2016 12:19:49
408,"000549","100160",2,F,1238,92,08/10/2016 12:19:49,08/10/2016 12:19:49
409,"000549","140050",1,F,1957,92,08/10/2016 12:19:49,08/10/2016 12:19:49
410,"000549","140079",3,F,544,92,08/10/2016 12:19:49,08/10/2016 12:19:49
411,"000549","140003",1,F,535,92,08/10/2016 12:19:49,08/10/2016 12:19:49
412,"000549","140043",1,F,1359,92,08/10/2016 12:19:49,08/10/2016 12:19:49
413,"000549","100176",3,F,231,92,08/10/2016 12:19:49,08/10/2016 12:19:49
414,"000549","140081",3,F,1452,92,08/10/2016 12:19:49,08/10/2016 12:19:49
415,"000549","140082",2,F,1471,92,08/10/2016 12:19:49,08/10/2016 12:19:49
416,"000549","140078",4,F,1606,92,08/10/2016 12:19:49,08/10/2016 12:19:49
417,"000549","120018",1,F,198,92,08/10/2016 12:19:49,08/10/2016 12:19:49
418,"000549","100065",1,F,52,92,08/10/2016 12:19:49,08/10/2016 12:19:49
419,"000549","140036",4,F,614,92,08/10/2016 12:19:49,08/10/2016 12:19:49
420,"000549","140049",3,F,1699,92,08/10/2016 12:19:49,08/10/2016 12:19:49
421,"000549","100199",5,F,1469,92,08/10/2016 12:19:49,08/10/2016 12:19:49
422,"000549","100201",6,F,1754,92,08/10/2016 12:19:49,08/10/2016 12:19:49
423,"000549","140071",3,F,533,92,08/10/2016 12:19:49,08/10/2016 12:19:49
424,"001520","140006",3,F,1233,98,08/10/2016 12:19:49,08/10/2016 12:19:49
425,"000549","100016",3,F,1958,92,08/10/2016 12:19:49,08/10/2016 12:19:49
426,"000474","100134",1,F,1257,56,08/10/2016 12:19:49,08/10/2016 12:19:49
427,"000474","100209",1,F,1258,56,08/10/2016 12:19:49,08/10/2016 12:19:49
428,"000152","140066",1,F,1825,8,08/10/2016 12:19:49,08/10/2016 12:19:49
429,"000244","140066",2,F,1825,108,08/10/2016 12:19:49,08/10/2016 12:19:49
430,"001045","140066",3,F,1825,120,08/10/2016 12:19:49,08/10/2016 12:19:49
431,"000244","140066",4,F,1825,108,08/10/2016 12:19:49,08/10/2016 12:19:49
432,"000372","140066",5,F,1825,102,08/10/2016 12:19:49,08/10/2016 12:19:49
433,"000958","140066",7,F,1825,85,08/10/2016 12:19:49,08/10/2016 12:19:49
434,"000772","140066",9,F,1825,93,08/10/2016 12:19:49,08/10/2016 12:19:49
435,"000743","140066",10,F,1825,19,08/10/2016 12:19:49,08/10/2016 12:19:49
436,"000989","140066",11,F,1825,65,08/10/2016 12:19:49,08/10/2016 12:19:49
437,"001419","140066",12,F,1825,132,08/10/2016 12:19:49,08/10/2016 12:19:49
438,"000500","140066",13,F,1825,103,08/10/2016 12:19:49,08/10/2016 12:19:49
439,"001173","140066",14,F,1825,68,08/10/2016 12:19:49,08/10/2016 12:19:49
440,"001262","140066",15,F,1825,110,08/10/2016 12:19:49,08/10/2016 12:19:49
441,"000201","110067",1,F,1127,106,08/10/2016 12:19:49,08/10/2016 12:19:49
442,"000661","100200",6,F,1602,50,08/10/2016 12:19:49,08/10/2016 12:19:49
443,"001456","100068",7,F,780,72,08/10/2016 12:19:49,08/10/2016 12:19:49
444,"000241","100198",9,F,1450,115,08/10/2016 12:19:49,08/10/2016 12:19:49
445,"000241","140070",1,F,1236,115,08/10/2016 12:19:49,08/10/2016 12:19:49
446,"000623","140070",2,F,1236,49,08/10/2016 12:19:49,08/10/2016 12:19:49
447,"001268","140070",4,F,1236,44,08/10/2016 12:19:49,08/10/2016 12:19:49
448,"000622","140068",1,F,637,78,08/10/2016 12:19:49,08/10/2016 12:19:49
449,"000420","140068",2,F,637,27,08/10/2016 12:19:49,08/10/2016 12:19:49
450,"001268","140068",3,F,637,44,08/10/2016 12:19:49,08/10/2016 12:19:49
451,"001752","100047",12,F,236,11,08/10/2016 12:19:49,08/10/2016 12:19:49
452,"000623","110047",2,F,310,49,08/10/2016 12:19:49,08/10/2016 12:19:49
453,"000958","110047",3,F,310,85,08/10/2016 12:19:49,08/10/2016 12:19:49
454,"000244","110047",4,F,310,108,08/10/2016 12:19:49,08/10/2016 12:19:49
455,"000590","110047",5,F,310,48,08/10/2016 12:19:49,08/10/2016 12:19:49
456,"000509","110047",7,F,310,77,08/10/2016 12:19:49,08/10/2016 12:19:49
457,"000743","110047",9,F,310,19,08/10/2016 12:19:49,08/10/2016 12:19:49
458,"000731","110047",11,F,310,1,08/10/2016 12:19:49,08/10/2016 12:19:49
459,"001746","100184",15,F,271,55,08/10/2016 12:19:49,08/10/2016 12:19:49
460,"001746","100048",19,F,283,55,08/10/2016 12:19:49,08/10/2016 12:19:49
461,"001746","110047",16,F,310,55,08/10/2016 12:19:49,08/10/2016 12:19:49
462,"000441","110075",6,F,1752,125,08/10/2016 12:19:49,08/10/2016 12:19:49
463,"000195","110074",13,F,1451,36,08/10/2016 12:19:49,08/10/2016 12:19:49
464,"001745","110074",14,F,1451,66,08/10/2016 12:19:49,08/10/2016 12:19:49
465,"001746","100189",6,F,306,55,08/10/2016 12:19:49,08/10/2016 12:19:49
466,"001763","160011",3,F,622,42,08/10/2016 12:19:49,08/10/2016 12:19:49
467,"000500","110075",7,F,1752,103,08/10/2016 12:19:49,08/10/2016 12:19:49
468,"001751","100159",15,F,1094,107,08/10/2016 12:19:49,08/10/2016 12:19:49
469,"001746","100185",15,F,288,55,08/10/2016 12:19:49,08/10/2016 12:19:49
470,"000767","100200",7,F,1602,130,08/10/2016 12:19:49,08/10/2016 12:19:49
471,"000767","100090",16,F,49,130,08/10/2016 12:19:49,08/10/2016 12:19:49
472,"001676","100049",5,F,1120,121,08/10/2016 12:19:49,08/10/2016 12:19:49
473,"001008","100188",11,F,279,95,08/10/2016 12:19:49,08/10/2016 12:19:49
474,"001008","100048",21,F,283,95,08/10/2016 12:19:49,08/10/2016 12:19:49
475,"001523","100204",3,F,849,22,08/10/2016 12:19:49,08/10/2016 12:19:49
476,"000620","100204",5,F,849,82,08/10/2016 12:19:49,08/10/2016 12:19:49
477,"001745","100184",16,F,271,66,08/10/2016 12:19:49,08/10/2016 12:19:49
478,"001746","140066",16,F,1825,55,08/10/2016 12:19:49,08/10/2016 12:19:49
479,"001908","110069",19,F,281,37,08/10/2016 12:19:49,08/10/2016 12:19:49
480,"001907","100206",13,F,844,38,08/10/2016 12:19:49,08/10/2016 12:19:49
481,"001907","100047",13,F,236,38,08/10/2016 12:19:49,08/10/2016 12:19:49
482,"001907","100183",4,F,1705,38,08/10/2016 12:19:49,08/10/2016 12:19:49
483,"001433","100207",9,F,1253,100,08/10/2016 12:19:49,08/10/2016 12:19:49
484,"001433","100164",3,F,1106,100,08/10/2016 12:19:49,08/10/2016 12:19:49
485,"001433","100174",6,F,1262,100,08/10/2016 12:19:49,08/10/2016 12:19:49
486,"001751","100068",8,F,780,107,08/10/2016 12:19:49,08/10/2016 12:19:49
487,"001456","140051",16,F,526,72,08/10/2016 12:19:49,08/10/2016 12:19:49
488,"000645","100048",13,F,283,131,08/10/2016 12:19:49,08/10/2016 12:19:49
489,"000645","140067",2,F,39,131,08/10/2016 12:19:49,08/10/2016 12:19:49
490,"000645","100194",6,F,75,131,08/10/2016 12:19:49,08/10/2016 12:19:49
491,"000645","110053",1,F,717,131,08/10/2016 12:19:49,08/10/2016 12:19:49
492,"000645","110072",3,F,771,131,08/10/2016 12:19:49,08/10/2016 12:19:49
493,"000645","110047",12,F,310,131,08/10/2016 12:19:49,08/10/2016 12:19:49
494,"000645","100199",7,F,1469,131,08/10/2016 12:19:49,08/10/2016 12:19:49
495,"000728","100166",1,F,1700,34,08/10/2016 12:19:49,08/10/2016 12:19:49
496,"000728","100170",5,F,831,34,08/10/2016 12:19:49,08/10/2016 12:19:49
497,"000728","100199",4,F,1469,34,08/10/2016 12:19:49,08/10/2016 12:19:49
498,"000728","100206",4,F,844,34,08/10/2016 12:19:49,08/10/2016 12:19:49
499,"000728","100047",3,F,236,34,08/10/2016 12:19:49,08/10/2016 12:19:49
500,"000728","100167",10,F,1832,34,08/10/2016 12:19:49,08/10/2016 12:19:49
501,"000728","100162",8,F,51,34,08/10/2016 12:19:49,08/10/2016 12:19:49
502,"000728","100202",1,F,810,34,08/10/2016 12:19:49,08/10/2016 12:19:49
503,"000728","110016",4,F,471,34,08/10/2016 12:19:49,08/10/2016 12:19:49
504,"000728","100200",2,F,1602,34,08/10/2016 12:19:49,08/10/2016 12:19:49
505,"000728","100198",3,F,1450,34,08/10/2016 12:19:49,08/10/2016 12:19:49
506,"000728","110075",4,F,1752,34,08/10/2016 12:19:49,08/10/2016 12:19:49
507,"000728","100090",9,F,49,34,08/10/2016 12:19:49,08/10/2016 12:19:49
508,"000728","100163",5,F,29,34,08/10/2016 12:19:49,08/10/2016 12:19:49
509,"000728","100201",19,F,1754,34,08/10/2016 12:19:49,08/10/2016 12:19:49
510,"000508","100170",6,F,831,14,08/10/2016 12:19:49,08/10/2016 12:19:49
511,"000508","100159",2,F,1094,14,08/10/2016 12:19:49,08/10/2016 12:19:49
512,"000508","100167",11,F,1832,14,08/10/2016 12:19:49,08/10/2016 12:19:49
513,"000810","110053",4,F,717,122,08/10/2016 12:19:49,08/10/2016 12:19:49
514,"000810","100182",3,F,1310,122,08/10/2016 12:19:49,08/10/2016 12:19:49
515,"000810","140067",5,F,39,122,08/10/2016 12:19:49,08/10/2016 12:19:49
516,"000810","140064",4,F,1277,122,08/10/2016 12:19:49,08/10/2016 12:19:49
517,"000810","110072",8,F,771,122,08/10/2016 12:19:49,08/10/2016 12:19:49
518,"000810","100202",5,F,810,122,08/10/2016 12:19:49,08/10/2016 12:19:49
519,"000810","110075",3,F,1752,122,08/10/2016 12:19:49,08/10/2016 12:19:49
520,"000810","100201",4,F,1754,122,08/10/2016 12:19:49,08/10/2016 12:19:49
521,"000810","100194",9,F,75,122,08/10/2016 12:19:49,08/10/2016 12:19:49
522,"000810","100198",8,F,1450,122,08/10/2016 12:19:49,08/10/2016 12:19:49
523,"001030","100159",6,F,1094,62,08/10/2016 12:19:49,08/10/2016 12:19:49
524,"001030","100090",4,F,49,62,08/10/2016 12:19:49,08/10/2016 12:19:49
525,"001030","100199",9,F,1469,62,08/10/2016 12:19:49,08/10/2016 12:19:49
526,"001030","100206",7,F,844,62,08/10/2016 12:19:49,08/10/2016 12:19:49
527,"001030","100207",4,F,1253,62,08/10/2016 12:19:49,08/10/2016 12:19:49
528,"001030","132053",5,F,1254,62,08/10/2016 12:19:49,08/10/2016 12:19:49
529,"001030","100162",6,F,51,62,08/10/2016 12:19:49,08/10/2016 12:19:49
530,"001030","100070",4,F,836,62,08/10/2016 12:19:49,08/10/2016 12:19:49
531,"001030","100173",1,F,683,62,08/10/2016 12:19:49,08/10/2016 12:19:49
532,"001030","100168",9,F,469,62,08/10/2016 12:19:49,08/10/2016 12:19:49
533,"001030","100047",7,F,236,62,08/10/2016 12:19:49,08/10/2016 12:19:49
534,"001030","100201",17,F,1754,62,08/10/2016 12:19:49,08/10/2016 12:19:49
535,"000812","110019",3,F,232,61,08/10/2016 12:19:49,08/10/2016 12:19:49
536,"000812","100174",1,F,1262,61,08/10/2016 12:19:49,08/10/2016 12:19:49
537,"001425","240001",13,F,88,30,08/10/2016 12:19:49,08/10/2016 12:19:49
538,"001425","240006",13,F,1282,30,08/10/2016 12:19:49,08/10/2016 12:19:49
539,"000242","110053",3,F,717,111,08/10/2016 12:19:49,08/10/2016 12:19:49
540,"000242","100194",1,F,75,111,08/10/2016 12:19:49,08/10/2016 12:19:49
541,"000242","140064",12,F,1277,111,08/10/2016 12:19:49,08/10/2016 12:19:49
542,"000242","100171",2,F,157,111,08/10/2016 12:19:49,08/10/2016 12:19:49
543,"000242","140067",1,F,39,111,08/10/2016 12:19:49,08/10/2016 12:19:49
544,"000242","100198",1,F,1450,111,08/10/2016 12:19:49,08/10/2016 12:19:49
545,"000242","100199",6,F,1469,111,08/10/2016 12:19:49,08/10/2016 12:19:49
546,"000841","110016",7,F,471,58,08/10/2016 12:19:49,08/10/2016 12:19:49
547,"000841","100168",10,F,469,58,08/10/2016 12:19:49,08/10/2016 12:19:49
548,"000841","100200",3,F,1602,58,08/10/2016 12:19:49,08/10/2016 12:19:49
549,"000841","132053",3,F,1254,58,08/10/2016 12:19:49,08/10/2016 12:19:49
550,"000841","100162",2,F,51,58,08/10/2016 12:19:49,08/10/2016 12:19:49
551,"000841","100090",5,F,49,58,08/10/2016 12:19:49,08/10/2016 12:19:49
552,"000841","100159",4,F,1094,58,08/10/2016 12:19:49,08/10/2016 12:19:49
553,"000841","140067",8,F,39,58,08/10/2016 12:19:49,08/10/2016 12:19:49
554,"000841","100202",4,F,810,58,08/10/2016 12:19:49,08/10/2016 12:19:49
555,"000841","100101",1,F,866,58,08/10/2016 12:19:49,08/10/2016 12:19:49
556,"000841","100201",7,F,1754,58,08/10/2016 12:19:49,08/10/2016 12:19:49
557,"000841","100070",3,F,836,58,08/10/2016 12:19:49,08/10/2016 12:19:49
558,"000841","100198",5,F,1450,58,08/10/2016 12:19:49,08/10/2016 12:19:49
559,"000841","100047",9,F,236,58,08/10/2016 12:19:49,08/10/2016 12:19:49
560,"000841","100207",10,F,1253,58,08/10/2016 12:19:49,08/10/2016 12:19:49
561,"001916","140074",4,F,521,105,08/10/2016 12:19:49,08/10/2016 12:19:49
562,"001916","140076",5,F,524,105,08/10/2016 12:19:49,08/10/2016 12:19:49
563,"001916","140070",7,F,1236,105,08/10/2016 12:19:49,08/10/2016 12:19:49
564,"001916","140041",6,F,1354,105,08/10/2016 12:19:49,08/10/2016 12:19:49
565,"000449","140068",5,F,637,97,08/10/2016 12:19:49,08/10/2016 12:19:49
566,"000449","140041",3,F,1354,97,08/10/2016 12:19:49,08/10/2016 12:19:49
567,"000449","140074",3,F,521,97,08/10/2016 12:19:49,08/10/2016 12:19:49
568,"000449","140051",15,F,526,97,08/10/2016 12:19:49,08/10/2016 12:19:49
569,"001305","100188",1,F,279,6,08/10/2016 12:19:49,08/10/2016 12:19:49
570,"000195","100037",3,F,666,36,08/10/2016 12:19:49,08/10/2016 12:19:49
571,"000236","100159",18,F,1094,124,08/10/2016 12:19:49,08/10/2016 12:19:49
572,"000449","140076",6,F,524,97,08/10/2016 12:19:49,08/10/2016 12:19:49
573,"000743","110063",5,F,139,19,08/10/2016 12:19:49,08/10/2016 12:19:49
574,"001085","100174",7,F,1262,31,08/10/2016 12:19:49,08/10/2016 12:19:49
575,"001745","100048",22,F,283,66,08/10/2016 12:19:49,08/10/2016 12:19:49
576,"000449","140070",8,F,1236,97,08/10/2016 12:19:49,08/10/2016 12:19:49
577,"000236","110047",17,F,310,124,08/10/2016 12:19:49,08/10/2016 12:19:49
578,"000253","160004",1,F,630,79,08/10/2016 12:19:49,08/10/2016 12:19:49
579,"000842","160004",2,F,630,118,08/10/2016 12:19:49,08/10/2016 12:19:49
580,"000420","160004",3,F,630,27,08/10/2016 12:19:49,08/10/2016 12:19:49
581,"000622","160004",4,F,630,78,08/10/2016 12:19:49,08/10/2016 12:19:49
582,"000623","160004",5,F,630,49,08/10/2016 12:19:49,08/10/2016 12:19:49
583,"000398","160004",7,F,630,119,08/10/2016 12:19:49,08/10/2016 12:19:49
584,"001149","160004",8,F,630,112,08/10/2016 12:19:49,08/10/2016 12:19:49
585,"001264","160004",10,F,630,109,08/10/2016 12:19:49,08/10/2016 12:19:49
586,"001425","160004",12,F,630,30,08/10/2016 12:19:49,08/10/2016 12:19:49
587,"001763","160004",14,F,630,42,08/10/2016 12:19:49,08/10/2016 12:19:49
588,"000622","160013",1,F,625,78,08/10/2016 12:19:49,08/10/2016 12:19:49
589,"001763","160013",2,F,625,42,08/10/2016 12:19:49,08/10/2016 12:19:49
590,"000125","160001",1,F,621,87,08/10/2016 12:19:49,08/10/2016 12:19:49
591,"000842","160001",2,F,621,118,08/10/2016 12:19:49,08/10/2016 12:19:49
592,"000398","160001",3,F,621,119,08/10/2016 12:19:49,08/10/2016 12:19:49
593,"000253","160001",5,F,621,79,08/10/2016 12:19:49,08/10/2016 12:19:49
594,"000622","160001",6,F,621,78,08/10/2016 12:19:49,08/10/2016 12:19:49
595,"000420","160001",7,F,621,27,08/10/2016 12:19:49,08/10/2016 12:19:49
596,"001425","160001",9,F,621,30,08/10/2016 12:19:49,08/10/2016 12:19:49
597,"001763","160001",11,F,621,42,08/10/2016 12:19:49,08/10/2016 12:19:49
598,"001676","160001",12,F,621,121,08/10/2016 12:19:49,08/10/2016 12:19:49
599,"001149","100175",2,F,34,112,08/10/2016 12:19:49,08/10/2016 12:19:49
600,"000549","140080",1,F,1427,92,08/10/2016 12:19:49,08/10/2016 12:19:49
601,"000551","140080",2,F,1427,71,08/10/2016 12:19:49,08/10/2016 12:19:49
602,"001145","140080",3,F,1427,5,08/10/2016 12:19:49,08/10/2016 12:19:49
603,"001304","140080",4,F,1427,114,08/10/2016 12:19:49,08/10/2016 12:19:49
604,"001145","120019",1,F,1431,5,08/10/2016 12:19:49,08/10/2016 12:19:49
605,"001304","120019",2,F,1431,114,08/10/2016 12:19:49,08/10/2016 12:19:49
606,"000201","110068",1,F,1417,106,08/10/2016 12:19:49,08/10/2016 12:19:49
607,"000500","100188",13,F,279,103,08/10/2016 12:19:49,08/10/2016 12:19:49
608,"000500","100193",8,F,293,103,08/10/2016 12:19:49,08/10/2016 12:19:49
609,"001305","110071",9,F,963,6,08/10/2016 12:19:49,08/10/2016 12:19:49
610,"001174","100160",16,F,1238,13,08/10/2016 12:19:49,08/10/2016 12:19:49
611,"001456","140085",2,F,531,72,08/10/2016 12:19:49,08/10/2016 12:19:49
612,"000731","140063",1,F,330,1,08/10/2016 12:19:49,08/10/2016 12:19:49
613,"000731","210001",3,F,1148,1,08/10/2016 12:19:49,08/10/2016 12:19:49
614,"000731","250001",3,F,1339,1,08/10/2016 12:19:49,08/10/2016 12:19:49
615,"000731","210002",2,F,1685,1,08/10/2016 12:19:49,08/10/2016 12:19:49
616,"001911","160001",14,F,621,129,08/10/2016 12:19:49,08/10/2016 12:19:49
617,"001911","160018",6,F,639,129,08/10/2016 12:19:49,08/10/2016 12:19:49
618,"001911","100049",7,F,1120,129,08/10/2016 12:19:49,08/10/2016 12:19:49
619,"001303","110075",8,F,1752,15,08/10/2016 12:19:49,08/10/2016 12:19:49
620,"001303","110053",9,F,717,15,08/10/2016 12:19:49,08/10/2016 12:19:49
621,"001912","100188",15,F,279,117,08/10/2016 12:19:49,08/10/2016 12:19:49
622,"001912","100197",3,F,284,117,08/10/2016 12:19:49,08/10/2016 12:19:49
623,"001149","100194",10,F,75,112,08/10/2016 12:19:49,08/10/2016 12:19:49
624,"001909","100162",13,F,51,25,08/10/2016 12:19:49,08/10/2016 12:19:49
625,"001909","100090",18,F,49,25,08/10/2016 12:19:49,08/10/2016 12:19:49
626,"001909","100206",15,F,844,25,08/10/2016 12:19:49,08/10/2016 12:19:49
627,"001960","120008",9,F,1101,40,08/10/2016 12:19:49,08/10/2016 12:19:49
628,"000812","100204",8,F,849,61,08/10/2016 12:19:49,08/10/2016 12:19:49
629,"001008","100196",4,F,264,95,08/10/2016 12:19:49,08/10/2016 12:19:49
630,"001008","100195",7,F,142,95,08/10/2016 12:19:49,08/10/2016 12:19:49
631,"000760","140051",11,F,526,2,08/10/2016 12:19:49,08/10/2016 12:19:49
632,"000760","140067",12,F,39,2,08/10/2016 12:19:49,08/10/2016 12:19:49
633,"000760","140036",5,F,614,2,08/10/2016 12:19:49,08/10/2016 12:19:49
634,"000760","100160",11,F,1238,2,08/10/2016 12:19:49,08/10/2016 12:19:49
635,"000760","140003",4,F,535,2,08/10/2016 12:19:49,08/10/2016 12:19:49
636,"000760","110052",2,F,719,2,08/10/2016 12:19:49,08/10/2016 12:19:49
637,"000760","140064",3,F,1277,2,08/10/2016 12:19:49,08/10/2016 12:19:49
638,"000760","110047",6,F,310,2,08/10/2016 12:19:49,08/10/2016 12:19:49
639,"000760","140051",8,F,526,2,08/10/2016 12:19:49,08/10/2016 12:19:49
640,"000760","140006",4,F,1233,2,08/10/2016 12:19:49,08/10/2016 12:19:49
641,"001420","100201",15,F,1754,24,08/10/2016 12:19:49,08/10/2016 12:19:49
642,"001420","100172",3,F,478,24,08/10/2016 12:19:49,08/10/2016 12:19:49
643,"001420","100206",14,F,844,24,08/10/2016 12:19:49,08/10/2016 12:19:49
644,"001420","100090",13,F,49,24,08/10/2016 12:19:49,08/10/2016 12:19:49
645,"001420","100162",10,F,51,24,08/10/2016 12:19:49,08/10/2016 12:19:49
646,"001420","100047",14,F,236,24,08/10/2016 12:19:49,08/10/2016 12:19:49
647,"001420","100207",11,F,1253,24,08/10/2016 12:19:49,08/10/2016 12:19:49
648,"001420","100159",14,F,1094,24,08/10/2016 12:19:49,08/10/2016 12:19:49
649,"000807","240001",11,F,88,10,08/10/2016 12:19:49,08/10/2016 12:19:49
650,"000807","240006",8,F,1282,10,08/10/2016 12:19:49,08/10/2016 12:19:49
651,"000807","240022",7,F,1272,10,08/10/2016 12:19:49,08/10/2016 12:19:49
652,"000713","110069",3,F,281,59,08/10/2016 12:19:49,08/10/2016 12:19:49
653,"000713","100048",6,F,283,59,08/10/2016 12:19:49,08/10/2016 12:19:49
654,"000713","100190",15,F,1812,59,08/10/2016 12:19:49,08/10/2016 12:19:49
655,"000713","100185",3,F,288,59,08/10/2016 12:19:49,08/10/2016 12:19:49
656,"000714","100206",2,F,844,104,08/10/2016 12:19:49,08/10/2016 12:19:49
657,"000714","100090",1,F,49,104,08/10/2016 12:19:49,08/10/2016 12:19:49
658,"000714","100047",4,F,236,104,08/10/2016 12:19:49,08/10/2016 12:19:49
659,"000714","100162",1,F,51,104,08/10/2016 12:19:49,08/10/2016 12:19:49
660,"000714","100159",8,F,1094,104,08/10/2016 12:19:49,08/10/2016 12:19:49
661,"000714","100198",4,F,1450,104,08/10/2016 12:19:49,08/10/2016 12:19:49
662,"000714","100080",1,F,835,104,08/10/2016 12:19:49,08/10/2016 12:19:49
663,"000126","100195",1,F,142,64,08/10/2016 12:19:49,08/10/2016 12:19:49
664,"000126","110073",1,F,136,64,08/10/2016 12:19:49,08/10/2016 12:19:49
665,"000126","110062",1,F,133,64,08/10/2016 12:19:49,08/10/2016 12:19:49
666,"000126","100190",1,F,1812,64,08/10/2016 12:19:49,08/10/2016 12:19:49
667,"000126","100037",1,F,666,64,08/10/2016 12:19:49,08/10/2016 12:19:49
668,"000126","110063",4,F,139,64,08/10/2016 12:19:49,08/10/2016 12:19:49
669,"000126","110066",2,F,140,64,08/10/2016 12:19:49,08/10/2016 12:19:49
670,"000126","110064",4,F,152,64,08/10/2016 12:19:49,08/10/2016 12:19:49
671,"001154","100120",2,F,59,94,08/10/2016 12:19:49,08/10/2016 12:19:49
672,"001154","100118",2,F,1099,94,08/10/2016 12:19:49,08/10/2016 12:19:49
673,"001154","110019",1,F,232,94,08/10/2016 12:19:49,08/10/2016 12:19:49
674,"001154","100208",1,F,820,94,08/10/2016 12:19:49,08/10/2016 12:19:49
675,"001154","200030",1,F,1108,94,08/10/2016 12:19:49,08/10/2016 12:19:49
676,"001154","100071",2,F,1093,94,08/10/2016 12:19:49,08/10/2016 12:19:49
677,"001154","100090",14,F,49,94,08/10/2016 12:19:49,08/10/2016 12:19:49
678,"001154","100121",1,F,615,94,08/10/2016 12:19:49,08/10/2016 12:19:49
679,"001154","110061",1,F,60,94,08/10/2016 12:19:49,08/10/2016 12:19:49
680,"000710","100160",13,F,1238,86,08/10/2016 12:19:49,08/10/2016 12:19:49
681,"000710","140080",5,F,1427,86,08/10/2016 12:19:49,08/10/2016 12:19:49
682,"000710","140050",4,F,1957,86,08/10/2016 12:19:49,08/10/2016 12:19:49
683,"000710","100018",3,F,1963,86,08/10/2016 12:19:49,08/10/2016 12:19:49
684,"001935","100188",16,F,279,45,08/10/2016 12:19:49,08/10/2016 12:19:49
685,"001935","110074",15,F,1451,45,08/10/2016 12:19:49,08/10/2016 12:19:49
686,"001935","110069",20,F,281,45,08/10/2016 12:19:49,08/10/2016 12:19:49
687,"000191","140066",8,F,1825,99,08/10/2016 12:19:49,08/10/2016 12:19:49
688,"000191","110047",1,F,310,99,08/10/2016 12:19:49,08/10/2016 12:19:49
689,"000191","110004",1,F,275,99,08/10/2016 12:19:49,08/10/2016 12:19:49
690,"000191","110074",3,F,1451,99,08/10/2016 12:19:49,08/10/2016 12:19:49
691,"000191","110069",5,F,281,99,08/10/2016 12:19:49,08/10/2016 12:19:49
692,"000191","100184",2,F,271,99,08/10/2016 12:19:49,08/10/2016 12:19:49
693,"000191","100185",8,F,288,99,08/10/2016 12:19:49,08/10/2016 12:19:49
694,"000191","110076",1,F,1470,99,08/10/2016 12:19:49,08/10/2016 12:19:49
695,"000191","100186",1,F,307,99,08/10/2016 12:19:49,08/10/2016 12:19:49
696,"000191","100189",4,F,306,99,08/10/2016 12:19:49,08/10/2016 12:19:49
697,"000191","100187",2,F,887,99,08/10/2016 12:19:49,08/10/2016 12:19:49
698,"000191","340072",2,F,282,99,08/10/2016 12:19:49,08/10/2016 12:19:49
699,"000191","100201",18,F,1754,99,08/10/2016 12:19:49,08/10/2016 12:19:49
700,"001911","140067",14,F,39,129,08/10/2016 12:19:49,08/10/2016 12:19:49
701,"001150","140051",3,F,526,47,08/10/2016 12:19:49,08/10/2016 12:19:49
702,"000274","240001",2,F,88,69,08/10/2016 12:19:49,08/10/2016 12:19:49
703,"000274","240040",2,F,91,69,08/10/2016 12:19:49,08/10/2016 12:19:49
704,"000274","240006",7,F,1282,69,08/10/2016 12:19:49,08/10/2016 12:19:49
705,"000274","240010",1,F,1270,69,08/10/2016 12:19:49,08/10/2016 12:19:49
706,"000274","240022",5,F,1272,69,08/10/2016 12:19:49,08/10/2016 12:19:49
707,"000274","240005",1,F,1279,69,08/10/2016 12:19:49,08/10/2016 12:19:49
708,"000333","240005",2,F,1279,67,08/10/2016 12:19:49,08/10/2016 12:19:49
709,"000384","240005",3,F,1279,75,08/10/2016 12:19:49,08/10/2016 12:19:49
710,"000566","240005",4,F,1279,7,08/10/2016 12:19:49,08/10/2016 12:19:49
711,"000807","240005",5,F,1279,10,08/10/2016 12:19:49,08/10/2016 12:19:49
712,"000808","240005",6,F,1279,54,08/10/2016 12:19:49,08/10/2016 12:19:49
713,"001425","240005",10,F,1279,30,08/10/2016 12:19:49,08/10/2016 12:19:49
714,"000011","240005",12,F,1279,32,08/10/2016 12:19:49,08/10/2016 12:19:49
715,"000166","240001",4,F,88,81,08/10/2016 12:19:49,08/10/2016 12:19:49
716,"000166","240006",3,F,1282,81,08/10/2016 12:19:49,08/10/2016 12:19:49
717,"000166","240022",3,F,1272,81,08/10/2016 12:19:49,08/10/2016 12:19:49
718,"000241","140065",1,F,1356,115,08/10/2016 12:19:49,08/10/2016 12:19:49
719,"000441","140065",2,F,1356,125,08/10/2016 12:19:49,08/10/2016 12:19:49
720,"000549","140065",3,F,1356,92,08/10/2016 12:19:49,08/10/2016 12:19:49
721,"000551","140065",4,F,1356,71,08/10/2016 12:19:49,08/10/2016 12:19:49
722,"000710","140065",5,F,1356,86,08/10/2016 12:19:49,08/10/2016 12:19:49
723,"000589","140065",6,F,1356,46,08/10/2016 12:19:49,08/10/2016 12:19:49
724,"000760","140065",8,F,1356,2,08/10/2016 12:19:49,08/10/2016 12:19:49
725,"000285","140065",9,F,1356,88,08/10/2016 12:19:49,08/10/2016 12:19:49
726,"000449","140065",11,F,1356,97,08/10/2016 12:19:49,08/10/2016 12:19:49
727,"001150","140065",12,F,1356,47,08/10/2016 12:19:49,08/10/2016 12:19:49
728,"001911","140065",13,F,1356,129,08/10/2016 12:19:49,08/10/2016 12:19:49
729,"001085","100047",15,F,236,31,08/10/2016 12:19:49,08/10/2016 12:19:49
730,"001676","100160",17,F,1238,121,08/10/2016 12:19:49,08/10/2016 12:19:49
731,"001676","140042",4,F,1355,121,08/10/2016 12:19:49,08/10/2016 12:19:49
732,"001676","120019",4,F,1431,121,08/10/2016 12:19:49,08/10/2016 12:19:49
733,"001676","140080",8,F,1427,121,08/10/2016 12:19:49,08/10/2016 12:19:49
734,"000007","110016",1,F,471,89,08/10/2016 12:19:49,08/10/2016 12:19:49
735,"000007","100202",7,F,810,89,08/10/2016 12:19:49,08/10/2016 12:19:49
736,"000007","100198",7,F,1450,89,08/10/2016 12:19:49,08/10/2016 12:19:49
737,"000007","100201",13,F,1754,89,08/10/2016 12:19:49,08/10/2016 12:19:49
